symbol,sector,source_index
MMM,Industrials,500
AOS,Industrials,500
ABT,Health Care,500
ABBV,Health Care,500
ACN,Information Technology,500
ADBE,Information Technology,500
AMD,Information Technology,500
AES,Utilities,500
AFL,Financials,500
A,Health Care,500
APD,Materials,500
ABNB,Consumer Discretionary,500
AKAM,Information Technology,500
ALB,Materials,500
ARE,Real Estate,500
ALGN,Health Care,500
ALLE,Industrials,500
LNT,Utilities,500
ALL,Financials,500
GOOGL,Communication Services,500
GOOG,Communication Services,500
MO,Consumer Staples,500
AMZN,Consumer Discretionary,500
AMCR,Materials,500
AEE,Utilities,500
AEP,Utilities,500
AXP,Financials,500
AIG,Financials,500
AMT,Real Estate,500
AWK,Utilities,500
AMP,Financials,500
AME,Industrials,500
AMGN,Health Care,500
APH,Information Technology,500
ADI,Information Technology,500
AON,Financials,500
APA,Energy,500
APO,Financials,500
AAPL,Information Technology,500
AMAT,Information Technology,500
APP,Information Technology,500
APTV,Consumer Discretionary,500
ACGL,Financials,500
ADM,Consumer Staples,500
ARES,Financials,500
ANET,Information Technology,500
AJG,Financials,500
AIZ,Financials,500
T,Communication Services,500
ATO,Utilities,500
ADSK,Information Technology,500
ADP,Industrials,500
AZO,Consumer Discretionary,500
AVB,Real Estate,500
AVY,Materials,500
AXON,Industrials,500
BKR,Energy,500
BALL,Materials,500
BAC,Financials,500
BAX,Health Care,500
BDX,Health Care,500
BRK.B,Financials,500
BBY,Consumer Discretionary,500
TECH,Health Care,500
BIIB,Health Care,500
BLK,Financials,500
BX,Financials,500
XYZ,Financials,500
BNY,Financials,500
BA,Industrials,500
BKNG,Consumer Discretionary,500
BSX,Health Care,500
BMY,Health Care,500
AVGO,Information Technology,500
BR,Industrials,500
BRO,Financials,500
BF.B,Consumer Staples,500
BLDR,Industrials,500
BG,Consumer Staples,500
BXP,Real Estate,500
CHRW,Industrials,500
CDNS,Information Technology,500
CPT,Real Estate,500
COF,Financials,500
CAH,Health Care,500
CCL,Consumer Discretionary,500
CARR,Industrials,500
CVNA,Consumer Discretionary,500
CASY,Consumer Staples,500
CAT,Industrials,500
CBOE,Financials,500
CBRE,Real Estate,500
CDW,Information Technology,500
COR,Health Care,500
CNC,Health Care,500
CNP,Utilities,500
CF,Materials,500
CRL,Health Care,500
SCHW,Financials,500
CHTR,Communication Services,500
CVX,Energy,500
CMG,Consumer Discretionary,500
CB,Financials,500
CHD,Consumer Staples,500
CIEN,Information Technology,500
CI,Health Care,500
CINF,Financials,500
CTAS,Industrials,500
CSCO,Information Technology,500
C,Financials,500
CFG,Financials,500
CLX,Consumer Staples,500
CME,Financials,500
CMS,Utilities,500
KO,Consumer Staples,500
CTSH,Information Technology,500
COHR,Information Technology,500
COIN,Financials,500
CL,Consumer Staples,500
CMCSA,Communication Services,500
FIX,Industrials,500
COP,Energy,500
ED,Utilities,500
STZ,Consumer Staples,500
CEG,Utilities,500
COO,Health Care,500
CPRT,Industrials,500
GLW,Information Technology,500
CPAY,Financials,500
CTVA,Materials,500
CSGP,Real Estate,500
COST,Consumer Staples,500
CRH,Materials,500
CRWD,Information Technology,500
CCI,Real Estate,500
CSX,Industrials,500
CMI,Industrials,500
CVS,Health Care,500
DHR,Health Care,500
DRI,Consumer Discretionary,500
DDOG,Information Technology,500
DVA,Health Care,500
DECK,Consumer Discretionary,500
DE,Industrials,500
DELL,Information Technology,500
DAL,Industrials,500
DVN,Energy,500
DXCM,Health Care,500
FANG,Energy,500
DLR,Real Estate,500
DG,Consumer Staples,500
DLTR,Consumer Staples,500
D,Utilities,500
DPZ,Consumer Discretionary,500
DASH,Consumer Discretionary,500
DOV,Industrials,500
DOW,Materials,500
DHI,Consumer Discretionary,500
DTE,Utilities,500
DUK,Utilities,500
DD,Materials,500
ETN,Industrials,500
EBAY,Consumer Discretionary,500
ECHO,Communication Services,500
ECL,Materials,500
EIX,Utilities,500
EW,Health Care,500
EA,Communication Services,500
ELV,Health Care,500
EME,Industrials,500
EMR,Industrials,500
ETR,Utilities,500
EOG,Energy,500
EQT,Energy,500
EFX,Industrials,500
EQIX,Real Estate,500
EQR,Real Estate,500
ERIE,Financials,500
ESS,Real Estate,500
EL,Consumer Staples,500
EG,Financials,500
EVRG,Utilities,500
ES,Utilities,500
EXC,Utilities,500
EXE,Energy,500
EXPE,Consumer Discretionary,500
EXPD,Industrials,500
EXR,Real Estate,500
XOM,Energy,500
FFIV,Information Technology,500
FDS,Financials,500
FICO,Information Technology,500
FAST,Industrials,500
FRT,Real Estate,500
FDX,Industrials,500
FDXF,Industrials,500
FIS,Financials,500
FITB,Financials,500
FSLR,Information Technology,500
FE,Utilities,500
FISV,Financials,500
FLEX,Information Technology,500
F,Consumer Discretionary,500
FTNT,Information Technology,500
FTV,Industrials,500
FOXA,Communication Services,500
FOX,Communication Services,500
BEN,Financials,500
FCX,Materials,500
GRMN,Consumer Discretionary,500
IT,Information Technology,500
GE,Industrials,500
GEHC,Health Care,500
GEV,Industrials,500
GEN,Information Technology,500
GNRC,Industrials,500
GD,Industrials,500
GIS,Consumer Staples,500
GM,Consumer Discretionary,500
GPC,Consumer Discretionary,500
GILD,Health Care,500
GPN,Financials,500
GL,Financials,500
GDDY,Information Technology,500
GS,Financials,500
HAL,Energy,500
HIG,Financials,500
HAS,Consumer Discretionary,500
HCA,Health Care,500
DOC,Real Estate,500
HSIC,Health Care,500
HSY,Consumer Staples,500
HPE,Information Technology,500
HLT,Consumer Discretionary,500
HD,Consumer Discretionary,500
HONA,Industrials,500
HON,Industrials,500
HRL,Consumer Staples,500
HST,Real Estate,500
HWM,Industrials,500
HPQ,Information Technology,500
HUBB,Industrials,500
HUM,Health Care,500
HBAN,Financials,500
HII,Industrials,500
IBM,Information Technology,500
IEX,Industrials,500
IDXX,Health Care,500
ITW,Industrials,500
INCY,Health Care,500
IR,Industrials,500
PODD,Health Care,500
INTC,Information Technology,500
IBKR,Financials,500
ICE,Financials,500
IFF,Materials,500
IP,Materials,500
INTU,Information Technology,500
ISRG,Health Care,500
IVZ,Financials,500
INVH,Real Estate,500
IQV,Health Care,500
IRM,Real Estate,500
JBHT,Industrials,500
JBL,Information Technology,500
JKHY,Financials,500
J,Industrials,500
JNJ,Health Care,500
JCI,Industrials,500
JPM,Financials,500
KVUE,Consumer Staples,500
KDP,Consumer Staples,500
KEY,Financials,500
KEYS,Information Technology,500
KMB,Consumer Staples,500
KIM,Real Estate,500
KMI,Energy,500
KKR,Financials,500
KLAC,Information Technology,500
KHC,Consumer Staples,500
KR,Consumer Staples,500
LHX,Industrials,500
LH,Health Care,500
LRCX,Information Technology,500
LVS,Consumer Discretionary,500
LDOS,Industrials,500
LEN,Consumer Discretionary,500
LII,Industrials,500
LLY,Health Care,500
LIN,Materials,500
LYV,Communication Services,500
LMT,Industrials,500
L,Financials,500
LOW,Consumer Discretionary,500
LULU,Consumer Discretionary,500
LITE,Information Technology,500
LYB,Materials,500
MTB,Financials,500
MPC,Energy,500
MAR,Consumer Discretionary,500
MRSH,Financials,500
MLM,Materials,500
MRVL,Information Technology,500
MAS,Industrials,500
MA,Financials,500
MKC,Consumer Staples,500
MCD,Consumer Discretionary,500
MCK,Health Care,500
MDT,Health Care,500
MRK,Health Care,500
META,Communication Services,500
MET,Financials,500
MTD,Health Care,500
MGM,Consumer Discretionary,500
MCHP,Information Technology,500
MU,Information Technology,500
MSFT,Information Technology,500
MAA,Real Estate,500
MRNA,Health Care,500
TAP,Consumer Staples,500
MDLZ,Consumer Staples,500
MPWR,Information Technology,500
MNST,Consumer Staples,500
MCO,Financials,500
MS,Financials,500
MOS,Materials,500
MSI,Information Technology,500
MSCI,Financials,500
NDAQ,Financials,500
NTAP,Information Technology,500
NFLX,Communication Services,500
NEM,Materials,500
NWSA,Communication Services,500
NWS,Communication Services,500
NEE,Utilities,500
NKE,Consumer Discretionary,500
NI,Utilities,500
NDSN,Industrials,500
NSC,Industrials,500
NTRS,Financials,500
NOC,Industrials,500
NCLH,Consumer Discretionary,500
NRG,Utilities,500
NUE,Materials,500
NVDA,Information Technology,500
NVR,Consumer Discretionary,500
NXPI,Information Technology,500
ORLY,Consumer Discretionary,500
OXY,Energy,500
ODFL,Industrials,500
OMC,Communication Services,500
ON,Information Technology,500
OKE,Energy,500
ORCL,Information Technology,500
OTIS,Industrials,500
PCAR,Industrials,500
PKG,Materials,500
PLTR,Information Technology,500
PANW,Information Technology,500
PSKY,Communication Services,500
PH,Industrials,500
PAYX,Industrials,500
PYPL,Financials,500
PNR,Industrials,500
PEP,Consumer Staples,500
PFE,Health Care,500
PCG,Utilities,500
PM,Consumer Staples,500
PSX,Energy,500
PNW,Utilities,500
PNC,Financials,500
PPG,Materials,500
PPL,Utilities,500
PFG,Financials,500
PG,Consumer Staples,500
PGR,Financials,500
PLD,Real Estate,500
PRU,Financials,500
PEG,Utilities,500
PTC,Information Technology,500
PSA,Real Estate,500
PHM,Consumer Discretionary,500
PWR,Industrials,500
QCOM,Information Technology,500
DGX,Health Care,500
Q,Information Technology,500
RL,Consumer Discretionary,500
RJF,Financials,500
RTX,Industrials,500
O,Real Estate,500
REG,Real Estate,500
REGN,Health Care,500
RF,Financials,500
RSG,Industrials,500
RMD,Health Care,500
RVTY,Health Care,500
HOOD,Financials,500
ROK,Industrials,500
ROL,Industrials,500
ROP,Information Technology,500
ROST,Consumer Discretionary,500
RCL,Consumer Discretionary,500
SPGI,Financials,500
CRM,Information Technology,500
SNDK,Information Technology,500
SBAC,Real Estate,500
SLB,Energy,500
STX,Information Technology,500
SRE,Utilities,500
NOW,Information Technology,500
SHW,Materials,500
SPG,Real Estate,500
SWKS,Information Technology,500
SJM,Consumer Staples,500
SW,Materials,500
SNA,Industrials,500
SOLV,Health Care,500
SO,Utilities,500
LUV,Industrials,500
SWK,Industrials,500
SBUX,Consumer Discretionary,500
STT,Financials,500
STLD,Materials,500
STE,Health Care,500
SYK,Health Care,500
SMCI,Information Technology,500
SYF,Financials,500
SNPS,Information Technology,500
SYY,Consumer Staples,500
TMUS,Communication Services,500
TROW,Financials,500
TTWO,Communication Services,500
TPR,Consumer Discretionary,500
TRGP,Energy,500
TGT,Consumer Staples,500
TEL,Information Technology,500
TDY,Information Technology,500
TER,Information Technology,500
TSLA,Consumer Discretionary,500
TXN,Information Technology,500
TPL,Energy,500
TXT,Industrials,500
TMO,Health Care,500
TJX,Consumer Discretionary,500
TKO,Communication Services,500
TTD,Communication Services,500
TSCO,Consumer Discretionary,500
TT,Industrials,500
TDG,Industrials,500
TRV,Financials,500
TRMB,Information Technology,500
TFC,Financials,500
TYL,Information Technology,500
TSN,Consumer Staples,500
USB,Financials,500
UBER,Industrials,500
UDR,Real Estate,500
ULTA,Consumer Discretionary,500
UNP,Industrials,500
UAL,Industrials,500
UPS,Industrials,500
URI,Industrials,500
UNH,Health Care,500
UHS,Health Care,500
VLO,Energy,500
VEEV,Health Care,500
VTR,Real Estate,500
VLTO,Industrials,500
VRSN,Information Technology,500
VRSK,Industrials,500
VZ,Communication Services,500
VRTX,Health Care,500
VRT,Industrials,500
VTRS,Health Care,500
VICI,Real Estate,500
V,Financials,500
VST,Utilities,500
VMC,Materials,500
WRB,Financials,500
GWW,Industrials,500
WAB,Industrials,500
WMT,Consumer Staples,500
DIS,Communication Services,500
WBD,Communication Services,500
WM,Industrials,500
WAT,Health Care,500
WEC,Utilities,500
WFC,Financials,500
WELL,Real Estate,500
WST,Health Care,500
WDC,Information Technology,500
WY,Real Estate,500
WSM,Consumer Discretionary,500
WMB,Energy,500
WTW,Financials,500
WDAY,Information Technology,500
WYNN,Consumer Discretionary,500
XEL,Utilities,500
XYL,Industrials,500
YUM,Consumer Discretionary,500
ZBRA,Information Technology,500
ZBH,Health Care,500
ZTS,Health Care,500
AA,Materials,400
AAL,Industrials,400
AAON,Industrials,400
ACI,Consumer Staples,400
ACM,Industrials,400
ADC,Real Estate,400
AEIS,Information Technology,400
AFG,Financials,400
AGCO,Industrials,400
AHR,Real Estate,400
AIT,Industrials,400
ALGM,Information Technology,400
ALK,Industrials,400
ALLY,Financials,400
ALSN,Industrials,400
ALV,Consumer Discretionary,400
AM,Energy,400
AMG,Financials,400
AMH,Real Estate,400
AMKR,Information Technology,400
AN,Consumer Discretionary,400
ANF,Consumer Discretionary,400
APG,Industrials,400
APPF,Information Technology,400
AR,Energy,400
ARMK,Consumer Discretionary,400
ARW,Information Technology,400
ARWR,Health Care,400
ASB,Financials,400
ASH,Materials,400
ATI,Industrials,400
ATR,Materials,400
AVAV,Industrials,400
AVNT,Materials,400
AVT,Information Technology,400
AVTR,Health Care,400
AXTA,Materials,400
AYI,Industrials,400
BAH,Industrials,400
BBWI,Consumer Discretionary,400
BC,Consumer Discretionary,400
BCO,Industrials,400
BDC,Information Technology,400
BHF,Financials,400
BILL,Information Technology,400
BIO,Health Care,400
BJ,Consumer Staples,400
BKH,Utilities,400
BLD,Consumer Discretionary,400
BMRN,Health Care,400
BRKR,Health Care,400
BROS,Consumer Discretionary,400
BRX,Real Estate,400
BSY,Information Technology,400
BTSG,Health Care,400
BURL,Consumer Discretionary,400
BWA,Consumer Discretionary,400
BWXT,Industrials,400
BYD,Consumer Discretionary,400
CACI,Industrials,400
CAR,Industrials,400
CART,Consumer Staples,400
CAVA,Consumer Discretionary,400
CBSH,Financials,400
CBT,Materials,400
CCK,Materials,400
CDE,Materials,400
CDP,Real Estate,400
CELH,Consumer Staples,400
CFR,Financials,400
CG,Financials,400
CGNX,Information Technology,400
CHDN,Consumer Discretionary,400
CHE,Health Care,400
CHH,Consumer Discretionary,400
CHRD,Energy,400
CHWY,Consumer Discretionary,400
CLF,Materials,400
CLH,Industrials,400
CMC,Materials,400
CNH,Industrials,400
CNM,Industrials,400
CNO,Financials,400
CNX,Energy,400
COKE,Consumer Staples,400
COLB,Financials,400
COLM,Consumer Discretionary,400
CPRI,Consumer Discretionary,400
CR,Industrials,400
CRBG,Financials,400
CROX,Consumer Discretionary,400
CRS,Industrials,400
CRUS,Information Technology,400
CSL,Industrials,400
CTRE,Real Estate,400
CUBE,Real Estate,400
CUZ,Real Estate,400
CVLT,Information Technology,400
CW,Industrials,400
CXT,Information Technology,400
CYTK,Health Care,400
DAR,Consumer Staples,400
DBX,Information Technology,400
DCI,Industrials,400
DINO,Energy,400
DKS,Consumer Discretionary,400
DLB,Information Technology,400
DOCN,Information Technology,400
DOCS,Health Care,400
DOCU,Information Technology,400
DT,Information Technology,400
DTM,Energy,400
DUOL,Consumer Discretionary,400
DY,Industrials,400
EEFT,Financials,400
EGP,Real Estate,400
EHC,Health Care,400
ELAN,Health Care,400
ELF,Consumer Staples,400
ELS,Real Estate,400
ENS,Industrials,400
ENSG,Health Care,400
ENTG,Information Technology,400
EPR,Real Estate,400
EQH,Financials,400
ESAB,Industrials,400
ESNT,Financials,400
EVR,Financials,400
EWBC,Financials,400
EXEL,Health Care,400
EXLS,Industrials,400
EXP,Materials,400
EXPO,Industrials,400
FAF,Financials,400
FBIN,Industrials,400
FCFS,Financials,400
FCN,Industrials,400
FFIN,Financials,400
FHI,Financials,400
FHN,Financials,400
FIVE,Consumer Discretionary,400
FLG,Financials,400
FLR,Industrials,400
FLS,Industrials,400
FN,Information Technology,400
FNB,Financials,400
FND,Consumer Discretionary,400
FNF,Financials,400
FOUR,Financials,400
FR,Real Estate,400
FTI,Energy,400
G,Industrials,400
GAP,Consumer Discretionary,400
GATX,Industrials,400
GBCI,Financials,400
GEF,Materials,400
GGG,Industrials,400
GHC,Consumer Discretionary,400
GLPI,Real Estate,400
GME,Consumer Discretionary,400
GMED,Health Care,400
GNTX,Consumer Discretionary,400
GPK,Materials,400
GWRE,Information Technology,400
GXO,Industrials,400
H,Consumer Discretionary,400
HAE,Health Care,400
HALO,Health Care,400
HGV,Consumer Discretionary,400
HIMS,Health Care,400
HL,Materials,400
HLI,Financials,400
HLNE,Financials,400
HOG,Consumer Discretionary,400
HOMB,Financials,400
HQY,Health Care,400
HR,Real Estate,400
HRB,Consumer Discretionary,400
HWC,Financials,400
HXL,Industrials,400
IBOC,Financials,400
IDA,Utilities,400
IDCC,Information Technology,400
ILMN,Health Care,400
INGR,Consumer Staples,400
IPGP,Information Technology,400
IRT,Real Estate,400
ITT,Industrials,400
JAZZ,Health Care,400
JEF,Financials,400
JHG,Financials,400
JLL,Real Estate,400
KBH,Consumer Discretionary,400
KBR,Industrials,400
KD,Information Technology,400
KEX,Industrials,400
KNF,Materials,400
KNSL,Financials,400
KNX,Industrials,400
KRC,Real Estate,400
KRG,Real Estate,400
KTOS,Industrials,400
LAD,Consumer Discretionary,400
LAMR,Real Estate,400
LEA,Consumer Discretionary,400
LECO,Industrials,400
LFUS,Information Technology,400
LIVN,Health Care,400
LNTH,Health Care,400
LOPE,Consumer Discretionary,400
LPX,Industrials,400
LSCC,Information Technology,400
LSTR,Industrials,400
M,Consumer Discretionary,400
MANH,Information Technology,400
MAT,Consumer Discretionary,400
MEDP,Health Care,400
MIDD,Industrials,400
MKSI,Information Technology,400
MLI,Industrials,400
MMS,Industrials,400
MOG.A,Industrials,400
MORN,Financials,400
MP,Materials,400
MSA,Industrials,400
MSM,Industrials,400
MTDR,Energy,400
MTG,Financials,400
MTN,Consumer Discretionary,400
MTSI,Information Technology,400
MTZ,Industrials,400
MUR,Energy,400
MUSA,Consumer Discretionary,400
MZTI,Consumer Staples,400
NBIX,Health Care,400
NEU,Materials,400
NFG,Utilities,400
NJR,Utilities,400
NLY,Financials,400
NNN,Real Estate,400
NOV,Energy,400
NOVT,Information Technology,400
NSA,Real Estate,400
NTNX,Information Technology,400
NVST,Health Care,400
NVT,Industrials,400
NWE,Utilities,400
NXST,Communication Services,400
NXT,Industrials,400
NYT,Communication Services,400
OC,Industrials,400
OGE,Utilities,400
OGS,Utilities,400
OHI,Real Estate,400
OKTA,Information Technology,400
OLED,Information Technology,400
OLLI,Consumer Discretionary,400
OLN,Materials,400
ONB,Financials,400
ONTO,Information Technology,400
OPCH,Health Care,400
ORA,Utilities,400
ORI,Financials,400
OSK,Industrials,400
OVV,Energy,400
OZK,Financials,400
P,Information Technology,400
PAG,Consumer Discretionary,400
PATH,Information Technology,400
PB,Financials,400
PBF,Energy,400
PCTY,Industrials,400
PEGA,Information Technology,400
PEN,Health Care,400
PFGC,Consumer Staples,400
PII,Consumer Discretionary,400
PINS,Communication Services,400
PK,Real Estate,400
PLNT,Consumer Discretionary,400
PNFP,Financials,400
POR,Utilities,400
POST,Consumer Staples,400
PPC,Consumer Staples,400
PR,Energy,400
PRI,Financials,400
PSN,Industrials,400
PVH,Consumer Discretionary,400
QLYS,Information Technology,400
R,Industrials,400
RBA,Industrials,400
RBC,Industrials,400
REXR,Real Estate,400
RGA,Financials,400
RGEN,Health Care,400
RGLD,Materials,400
RH,Consumer Discretionary,400
RLI,Financials,400
RMBS,Information Technology,400
RNR,Financials,400
ROIV,Health Care,400
ROKU,Communication Services,400
RPM,Materials,400
RRC,Energy,400
RRX,Industrials,400
RS,Materials,400
RYAN,Financials,400
RYN,Real Estate,400
SAIA,Industrials,400
SAIC,Industrials,400
SAM,Consumer Staples,400
SANM,Information Technology,400
SARO,Industrials,400
SBRA,Real Estate,400
SCI,Consumer Discretionary,400
SEIC,Financials,400
SF,Financials,400
SFM,Consumer Staples,400
SGI,Consumer Discretionary,400
SHC,Health Care,400
SIGI,Financials,400
SIRI,Communication Services,400
SITM,Information Technology,400
SLAB,Information Technology,400
SLGN,Materials,400
SLM,Financials,400
SMG,Materials,400
SMTC,Information Technology,400
SN,Consumer Discretionary,400
SNX,Information Technology,400
SOLS,Materials,400
SON,Materials,400
SPXC,Industrials,400
SR,Utilities,400
SSB,Financials,400
SSD,Industrials,400
ST,Industrials,400
STAG,Real Estate,400
STRL,Industrials,400
STWD,Financials,400
SWX,Utilities,400
SYNA,Information Technology,400
TCBI,Financials,400
TEX,Industrials,400
THC,Health Care,400
THG,Financials,400
THO,Consumer Discretionary,400
TKR,Industrials,400
TLN,Utilities,400
TMHC,Consumer Discretionary,400
TNL,Consumer Discretionary,400
TOL,Consumer Discretionary,400
TREX,Industrials,400
TRU,Industrials,400
TTC,Industrials,400
TTEK,Industrials,400
TTMI,Information Technology,400
TWLO,Information Technology,400
TXNM,Utilities,400
TXRH,Consumer Discretionary,400
UBSI,Financials,400
UFPI,Industrials,400
UGI,Utilities,400
ULS,Industrials,400
UMBF,Financials,400
UNM,Financials,400
USFD,Consumer Staples,400
UTHR,Health Care,400
VAL,Energy,400
VC,Consumer Discretionary,400
VFC,Consumer Discretionary,400
VIAV,Information Technology,400
VICR,Industrials,400
VLY,Financials,400
VMI,Industrials,400
VNO,Real Estate,400
VNOM,Energy,400
VNT,Information Technology,400
VOYA,Financials,400
VVV,Consumer Discretionary,400
WAL,Financials,400
WBS,Financials,400
WCC,Industrials,400
WEX,Financials,400
WFRD,Energy,400
WH,Consumer Discretionary,400
WHR,Consumer Discretionary,400
WING,Consumer Discretionary,400
WLK,Materials,400
WMG,Communication Services,400
WMS,Industrials,400
WPC,Real Estate,400
WSO,Industrials,400
WTFC,Financials,400
WTRG,Utilities,400
WTS,Industrials,400
WWD,Industrials,400
XPO,Industrials,400
XRAY,Health Care,400
YETI,Consumer Discretionary,400
ZION,Financials,400
AAMI,Financials,600
AAP,Consumer Discretionary,600
AAT,Real Estate,600
ABCB,Financials,600
ABG,Consumer Discretionary,600
ABM,Industrials,600
ABR,Financials,600
ACA,Industrials,600
ACAD,Health Care,600
ACHC,Health Care,600
ACIW,Information Technology,600
ACLS,Information Technology,600
ACMR,Information Technology,600
ACT,Financials,600
ADAM,Real Estate,600
ADEA,Information Technology,600
ADMA,Health Care,600
ADNT,Consumer Discretionary,600
ADT,Consumer Discretionary,600
ADUS,Health Care,600
AEO,Consumer Discretionary,600
AESI,Energy,600
AGNT,Real Estate,600
AGO,Financials,600
AGX,Industrials,600
AGYS,Information Technology,600
AHCO,Health Care,600
AIN,Industrials,600
AIR,Industrials,600
AKR,Real Estate,600
ALG,Industrials,600
ALGT,Industrials,600
ALHC,Health Care,600
ALKS,Health Care,600
ALRM,Financials,600
AMN,Health Care,600
AMPH,Health Care,600
AMR,Materials,600
AMRX,Health Care,600
AMSF,Financials,600
AMTM,Industrials,600
ANDE,Consumer Staples,600
ANIP,Health Care,600
AORT,Health Care,600
AOSL,Information Technology,600
APAM,Financials,600
APLE,Real Estate,600
APOG,Industrials,600
ARCB,Industrials,600
ARLO,Information Technology,600
AROC,Energy,600
ARR,Real Estate,600
ASO,Consumer Discretionary,600
ASTE,Industrials,600
ASTH,Health Care,600
ATEN,Information Technology,600
ATMU,Industrials,600
AUB,Financials,600
AVA,Utilities,600
AVNS,Health Care,600
AWI,Industrials,600
AWR,Utilities,600
AX,Financials,600
AZTA,Health Care,600
AZZ,Industrials,600
BANC,Financials,600
BANF,Financials,600
BANR,Financials,600
BBT,Financials,600
BCC,Industrials,600
BCPC,Materials,600
BFAM,Consumer Discretionary,600
BFH,Financials,600
BFS,Real Estate,600
BGC,Financials,600
BHE,Information Technology,600
BJRI,Consumer Discretionary,600
BKE,Consumer Discretionary,600
BKU,Financials,600
BL,Information Technology,600
BLFS,Health Care,600
BLKB,Information Technology,600
BMI,Information Technology,600
BNL,Real Estate,600
BOH,Financials,600
BOOT,Consumer Discretionary,600
BOX,Information Technology,600
BRC,Industrials,600
BTSG,Health Care,600
BTU,Energy,600
BXMT,Financials,600
CACC,Financials,600
CAG,Consumer Staples,600
CAKE,Consumer Discretionary,600
CALM,Consumer Staples,600
CALX,Information Technology,600
CALY,Consumer Discretionary,600
CARG,Communication Services,600
CASH,Financials,600
CATY,Financials,600
CBRL,Consumer Discretionary,600
CBU,Financials,600
CC,Materials,600
CCOI,Communication Services,600
CCS,Consumer Discretionary,600
CE,Materials,600
CENT,Consumer Staples,600
CENTA,Consumer Staples,600
CENX,Materials,600
CERT,Health Care,600
CFFN,Financials,600
CHCO,Financials,600
CHEF,Consumer Staples,600
CLSK,Information Technology,600
CNK,Communication Services,600
CNMD,Health Care,600
CNR,Energy,600
CNS,Financials,600
CNXC,Industrials,600
CNXN,Information Technology,600
COCO,Consumer Staples,600
COHU,Information Technology,600
COLL,Health Care,600
CON,Health Care,600
CORT,Health Care,600
COTY,Consumer Staples,600
CPB,Consumer Staples,600
CPF,Financials,600
CPK,Utilities,600
CPRX,Health Care,600
CRC,Energy,600
CRGY,Energy,600
CRI,Consumer Discretionary,600
CRK,Energy,600
CRSR,Information Technology,600
CRVL,Health Care,600
CSR,Real Estate,600
CSW,Industrials,600
CTS,Information Technology,600
CUBI,Financials,600
CURB,Real Estate,600
CVBF,Financials,600
CVCO,Consumer Discretionary,600
CVI,Energy,600
CVSA,Consumer Discretionary,600
CWEN,Utilities,600
CWEN.A,Utilities,600
CWK,Real Estate,600
CWST,Industrials,600
CWT,Utilities,600
CXM,Information Technology,600
CXW,Industrials,600
CZR,Consumer Discretionary,600
DAN,Consumer Discretionary,600
DAVE,Financials,600
DBD,Information Technology,600
DCH,Consumer Discretionary,600
DCOM,Financials,600
DEA,Real Estate,600
DEI,Real Estate,600
DFH,Consumer Discretionary,600
DFIN,Financials,600
DGII,Information Technology,600
DIOD,Information Technology,600
DLX,Industrials,600
DMC,Consumer Staples,600
DNOW,Industrials,600
DORM,Consumer Discretionary,600
DRH,Real Estate,600
DV,Communication Services,600
DXC,Information Technology,600
DXPE,Industrials,600
EAT,Consumer Discretionary,600
EBC,Financials,600
ECG,Industrials,600
ECPG,Financials,600
EFC,Financials,600
EFOR,Information Technology,600
EGBN,Financials,600
EIG,Financials,600
EMN,Materials,600
ENOV,Health Care,600
ENPH,Information Technology,600
ENR,Consumer Staples,600
ENVA,Financials,600
EPAC,Industrials,600
EPAM,Information Technology,600
EPC,Consumer Staples,600
EPRT,Real Estate,600
ESE,Industrials,600
ESI,Materials,600
ETSY,Consumer Discretionary,600
EVTC,Financials,600
EXTR,Information Technology,600
EYE,Consumer Discretionary,600
EZPW,Financials,600
FA,Industrials,600
FBK,Financials,600
FBNC,Financials,600
FBP,Financials,600
FBRT,Real Estate,600
FCF,Financials,600
FCPT,Real Estate,600
FELE,Industrials,600
FFBC,Financials,600
FG,Financials,600
FHB,Financials,600
FIBK,Financials,600
FIZZ,Consumer Staples,600
FLO,Consumer Staples,600
FMC,Materials,600
FORM,Information Technology,600
FOXF,Consumer Discretionary,600
FRPT,Consumer Staples,600
FSS,Industrials,600
FTDR,Consumer Discretionary,600
FTRE,Health Care,600
FUL,Materials,600
FULT,Financials,600
FUN,Consumer Discretionary,600
GBX,Industrials,600
GEO,Industrials,600
GFF,Industrials,600
GIII,Consumer Discretionary,600
GKOS,Health Care,600
GNL,Real Estate,600
GNW,Financials,600
GO,Consumer Staples,600
GOLF,Consumer Discretionary,600
GPI,Consumer Discretionary,600
GPOR,Energy,600
GRBK,Consumer Discretionary,600
GSHD,Financials,600
GT,Consumer Discretionary,600
GTES,Industrials,600
GTM,Communication Services,600
GTY,Real Estate,600
GVA,Industrials,600
HAFC,Financials,600
HASI,Financials,600
HAYW,Industrials,600
HCC,Materials,600
HCI,Financials,600
HCSG,Industrials,600
HE,Utilities,600
HFWA,Health Care,600
HIW,Real Estate,600
HLIT,Information Technology,600
HLX,Energy,600
HMN,Financials,600
HNI,Industrials,600
HOPE,Financials,600
HP,Energy,600
HRMY,Health Care,600
HSTM,Health Care,600
HTH,Financials,600
HTLD,Industrials,600
HTO,Utilities,600
HTZ,Industrials,600
HUBG,Industrials,600
HWKN,Materials,600
HZO,Consumer Discretionary,600
IART,Health Care,600
IBP,Consumer Discretionary,600
ICHR,Information Technology,600
ICUI,Health Care,600
IIPR,Real Estate,600
INDB,Financials,600
INDV,Health Care,600
INSP,Health Care,600
INSW,Energy,600
INVA,Health Care,600
INVX,Energy,600
IOSP,Materials,600
IPAR,Consumer Staples,600
IRDM,Communication Services,600
ITGR,Health Care,600
ITRI,Information Technology,600
IVT,Real Estate,600
JBGS,Real Estate,600
JBLU,Industrials,600
JBSS,Consumer Staples,600
JBTM,Industrials,600
JJSF,Consumer Staples,600
JOE,Real Estate,600
JXN,Financials,600
KAI,Industrials,600
KALU,Materials,600
OPLN,Industrials,600
KFY,Industrials,600
KGS,Energy,600
KLIC,Information Technology,600
KMPR,Financials,600
KMT,Industrials,600
KMX,Consumer Discretionary,600
KN,Information Technology,600
KNTK,Energy,600
KOP,Materials,600
KRYS,Health Care,600
KSS,Consumer Discretionary,600
KTB,Consumer Discretionary,600
KWR,Materials,600
LAUR,Consumer Discretionary,600
LAZ,Financials,600
LBRT,Energy,600
LCII,Consumer Discretionary,600
LEG,Consumer Discretionary,600
LFST,Health Care,600
LGIH,Consumer Discretionary,600
LIF,Information Technology,600
LGND,Health Care,600
LKFN,Financials,600
LKQ,Consumer Discretionary,600
LMAT,Health Care,600
LNC,Financials,600
LNN,Materials,600
LPG,Energy,600
LQDA,Health Care,600
LQDT,Industrials,600
LRN,Consumer Discretionary,600
LTC,Real Estate,600
LTH,Consumer Discretionary,600
LUMN,Communication Services,600
LW,Consumer Staples,600
LXP,Real Estate,600
LYFT,Industrials,600
LZ,Industrials,600
LZB,Consumer Discretionary,600
MAC,Real Estate,600
MAN,Industrials,600
MARA,Information Technology,600
MATW,Consumer Discretionary,600
MATX,Industrials,600
MBC,Industrials,600
MBGL,Industrials,600
MBIN,Financials,600
MC,Financials,600
MCRI,Consumer Discretionary,600
MCY,Financials,600
MD,Health Care,600
MDU,Utilities,600
MFP,Industrials,600
MGEE,Utilities,600
MGY,Energy,600
MHK,Consumer Discretionary,600
MHO,Consumer Discretionary,600
MIR,Information Technology,600
MKTX,Financials,600
MLKN,Industrials,600
MMI,Real Estate,600
MMSI,Health Care,600
MOH,Health Care,600
MPT,Real Estate,600
MRCY,Industrials,600
MRP,Real Estate,600
MRTN,Industrials,600
MSEX,Utilities,600
MSGS,Communication Services,600
MTCH,Communication Services,600
MTH,Consumer Discretionary,600
MTRN,Materials,600
MTUS,Materials,600
MTX,Materials,600
MWA,Industrials,600
MXL,Information Technology,600
MYRG,Industrials,600
NABL,Information Technology,600
NATL,Financials,600
NAVI,Financials,600
NBHC,Financials,600
NBTB,Financials,600
NE,Energy,600
NEO,Health Care,600
NEOG,Health Care,600
NGVT,Materials,600
NHC,Health Care,600
NHI,Real Estate,600
NIC,Financials,600
NMIH,Financials,600
NOG,Energy,600
NPK,Industrials,600
NPO,Industrials,600
NSIT,Industrials,600
NSP,Industrials,600
NSSC,Information Technology,600
NTCT,Information Technology,600
NTST,Real Estate,600
NWBI,Financials,600
NWL,Consumer Discretionary,600
NWN,Utilities,600
NX,Industrials,600
NXRT,Real Estate,600
OFG,Financials,600
OGN,Health Care,600
OI,Materials,600
OII,Energy,600
OMCL,Health Care,600
OSIS,Information Technology,600
OSW,Consumer Discretionary,600
OTTR,Utilities,600
OUT,Real Estate,600
PAHC,Health Care,600
PARR,Energy,600
PAYC,Industrials,600
PAYO,Financials,600
PATK,Consumer Discretionary,600
PBH,Health Care,600
PBI,Industrials,600
PCRX,Health Care,600
PDFS,Information Technology,600
PEB,Real Estate,600
PECO,Real Estate,600
PENG,Information Technology,600
PENN,Consumer Discretionary,600
PFBC,Financials,600
PFS,Financials,600
PGNY,Health Care,600
PHIN,Consumer Discretionary,600
PI,Information Technology,600
PIPR,Financials,600
PJT,Financials,600
PLAB,Information Technology,600
PLMR,Financials,600
PLUS,Information Technology,600
PLXS,Information Technology,600
PMT,Real Estate,600
POOL,Consumer Discretionary,600
POWI,Information Technology,600
POWL,Industrials,600
PPLI,Communication Services,600
PRDO,Consumer Discretionary,600
PRG,Financials,600
PRGO,Health Care,600
PRGS,Information Technology,600
PRIM,Industrials,600
PRK,Financials,600
PRKS,Consumer Discretionary,600
PRLB,Industrials,600
PRSU,Consumer Discretionary,600
PRVA,Health Care,600
PSMT,Consumer Staples,600
PTCT,Health Care,600
PTEN,Energy,600
PTGX,Health Care,600
PTON,Consumer Discretionary,600
PZZA,Consumer Discretionary,600
QDEL,Health Care,600
QNST,Communication Services,600
QRVO,Information Technology,600
QTWO,Information Technology,600
RAMP,Information Technology,600
RAL,Information Technology,600
RCUS,Health Care,600
RDN,Financials,600
RDNT,Health Care,600
RELY,Financials,600
RES,Energy,600
REYN,Consumer Staples,600
REX,Energy,600
REZI,Industrials,600
RHI,Industrials,600
RHP,Real Estate,600
RITM,Financials,600
RNG,Information Technology,600
RNST,Financials,600
ROCK,Industrials,600
ROG,Information Technology,600
RRR,Consumer Discretionary,600
RSI,Consumer Discretionary,600
RUN,Industrials,600
RUSHA,Industrials,600
RXO,Industrials,600
SAFE,Real Estate,600
SABR,Consumer Discretionary,600
SAFT,Financials,600
SAH,Consumer Discretionary,600
SBCF,Financials,600
SBH,Consumer Discretionary,600
SBSI,Financials,600
SCHL,Consumer Discretionary,600
SCL,Materials,600
SCSC,Information Technology,600
SDGR,Health Care,600
SEDG,Information Technology,600
SEZL,Financials,600
SFBS,Financials,600
SFNC,Financials,600
SHAK,Consumer Discretionary,600
SHEN,Communication Services,600
SHO,Real Estate,600
SHOO,Consumer Discretionary,600
SIG,Consumer Discretionary,600
SKT,Real Estate,600
SKY,Consumer Discretionary,600
SKYW,Industrials,600
SLG,Real Estate,600
SLVM,Materials,600
SM,Energy,600
SMP,Consumer Discretionary,600
SMPL,Consumer Staples,600
SNDR,Industrials,600
SNEX,Financials,600
SONO,Consumer Discretionary,600
SPHR,Communication Services,600
SPNT,Financials,600
SPSC,Information Technology,600
SRPT,Health Care,600
STAA,Health Care,600
STBA,Financials,600
STC,Financials,600
STEP,Financials,600
STRA,Consumer Discretionary,600
SUPN,Health Care,600
SXI,Industrials,600
SXT,Materials,600
TALO,Energy,600
TBBK,Financials,600
TDC,Information Technology,600
TDS,Communication Services,600
TDW,Energy,600
TFIN,Financials,600
TFX,Health Care,600
TGTX,Health Care,600
THRM,Consumer Discretionary,600
TILE,Industrials,600
TMDX,Health Care,600
TMP,Financials,600
TNC,Industrials,600
TNDM,Health Care,600
TR,Consumer Staples,600
TRIP,Communication Services,600
TRMK,Financials,600
TRN,Industrials,600
TRNO,Real Estate,600
TRST,Financials,600
TRUP,Financials,600
TWO,Financials,600
UA,Consumer Discretionary,600
UAA,Consumer Discretionary,600
UCB,Financials,600
UCTT,Information Technology,600
UE,Real Estate,600
UFCS,Financials,600
UFPT,Health Care,600
UNF,Industrials,600
UNFI,Consumer Staples,600
UNIT,Communication Services,600
UPBD,Consumer Discretionary,600
UPWK,Industrials,600
URBN,Consumer Discretionary,600
USLM,Materials,600
USPH,Health Care,600
UTI,Consumer Discretionary,600
UTL,Utilities,600
UVV,Consumer Staples,600
VAC,Consumer Discretionary,600
VCEL,Health Care,600
VCTR,Financials,600
VCYT,Health Care,600
VECO,Information Technology,600
VGNT,Consumer Discretionary,600
VIR,Health Care,600
VIRT,Financials,600
VRRM,Industrials,600
VRTS,Financials,600
VSAT,Information Technology,600
VSEC,Industrials,600
VSH,Information Technology,600
VSNT,Communication Services,600
VSTS,Industrials,600
VSXY,Consumer Discretionary,600
VTOL,Energy,600
VYX,Information Technology,600
WABC,Financials,600
WAFD,Financials,600
WAY,Health Care,600
WD,Financials,600
WDFC,Consumer Staples,600
WEN,Consumer Discretionary,600
WERN,Industrials,600
WGO,Consumer Discretionary,600
WHD,Energy,600
WINA,Consumer Discretionary,600
WKC,Energy,600
WLY,Communication Services,600
WOR,Industrials,600
WRBY,Consumer Discretionary,600
WRLD,Financials,600
WS,Materials,600
WSBC,Financials,600
WSC,Industrials,600
WSFS,Financials,600
WSR,Real Estate,600
WT,Financials,600
WU,Financials,600
WWW,Consumer Discretionary,600
XHR,Real Estate,600
XNCR,Health Care,600
XPEL,Consumer Discretionary,600
YELP,Communication Services,600
YOU,Information Technology,600
ZD,Communication Services,600
ZWS,Industrials,600
